StationCode,wgtcode,TargetLatitude,TargetLongitude,wgtcode,database,new_lat,new_long,regionalboardnumber,psa6c,psa9c,eco_iii_1987,eco_iii_2010,eco_ii_1987,eco_ii_2010,flowstatus,ag_2000_1k,ag_2000_5k,ag_2000_ws,code_21_2000_1k,code_21_2000_5k,code_21_2000_ws,urban_2000_1k,urban_2000_5k,urban_2000_ws,roaddens_1k,roaddens_5k,roaddens_ws,paved_int_1k,paved_int_5k,paved_int_ws,permanmade_ws,invdamdist,mines_5k,gravelminedensl_r5k,elev_range,max_elev,n_mean,p_mean,pct_cenoz,pct_nosed,pct_quart,pct_sedim,pct_volcnc,ppt_00_09,temp_00_09,nhd_so,maflowu,nhdslope,ftype,nhdflow,sampled,bpj_nonref,active,area_sqkm,site_elev,cao_mean,mgo_mean,s_mean,ucs_mean,lprem_mean,atmca,atmmg,atmso4,minp_ws,meanp_ws,sumave_p,tmax_ws,xwd_ws,maxwd_ws,lst32ave,bdh_ave,kfct_ave,prmh_ave,condqr01,condqr05,condqr25,condqr50,condqr75,condqr95,condqr99,lastupdatedate,comid,sitestatus,ag_2006_1k,ag_2006_5k,ag_2006_ws,code_21_2006_1k,code_21_2006_5k,code_21_2006_ws,urban_2006_1k,urban_2006_5k,urban_2006_ws,ag_2011_1k,ag_2011_5k,ag_2011_ws,code_21_2011_1k,code_21_2011_5k,code_21_2011_ws,urban_2011_1k,urban_2011_5k,urban_2011_ws,psa10c,created_user,created_date,last_edited_user,last_edited_date,forest_2011_1k,forest_2011_5k,forest_2011_ws,pasture_2011_1k,pasture_2011_5k,pasture_2011_ws,row_crops_2011_1k,row_crops_2011_5k,row_crops_2011_ws,evi_maxave,masterid,invdamdist_1
402COZYDL,402DS0001,34.47876,-119.28814,,,34.478976,-119.288622,4,SC,SCm,8,8,Mountain,Mountain,,0,0,0,4.5894,3.9206,3.9206,0,0,0,0,0,0,0,0,0,0,0,0,,775,1095,0.0397,0.1319,100,0,0,100,0,53697,2421.8999,,,,,,,,,1.81,320,3.2505,1.677,0.9986,69.5252,-0.7433,0.0611,0.0279,0.3548,0.6667,686.5,398.8,304.3333,30,6,72.5,1.5345,0.2497,1.653,178.155,287.5,500,790.6,836.9,979.4,1171,,17586480,,0,0,0,4.5894,3.9206,3.9206,0,0,0,0,0,0,4.5894,3.9206,3.9206,0,0,0,SCm,,,,,36.352657,42.48138958,42.48138958,0,0,0,0,0,0,3826.8,,
402LONVAL,402DS0002,34.4297292,-119.2933693,,,34.42969,-119.293523,4,SC,SCm,8,85,Mountain,Xeric,,3.2558,4.6348,4.6348,52.3256,41.2111,41.2111,29.7674,21.4091,21.4091,8.7652,7.3496,7.3496,5,17,17,0,0,0,,135,317,0.7231,0.124,100,0,0,100,0,49554.6016,2456.5,,,,,,,,,6.27,182,1.8198,0.9479,0.3427,16.1924,1.6412,0.061,0.0281,0.3564,0,523.6429,380.4,305.875,30.55,5.85,67.4737,1.5274,0.256,1.3835,58.9241,195.355,350.3,500,836.9,979.4,1171,,17586712,,3.2558,4.7353,4.7353,51.5116,40.4362,40.4362,30.6977,22.2127,22.2127,3.1395,4.7209,4.7209,51.3953,40.2784,40.2784,30.9302,22.3848,22.3848,SCm,,,,,8.837209302,12.71344526,12.71344526,3.139534884,3.902998996,3.902998996,0,0.817907878,0.817907878,3656.1111,,
403CLWCYN,403DS0006,34.59174,-118.46412,,,34.592845,-118.464667,4,SC,SCm,8,8,Mountain,Mountain,,0,0,0,0,0,0,0,0,0,0,0,0,0,0,0,0,0,0,,627,1345,0.005,0.1245,0,100,0,0,0,43266.8984,2391.2,,,,,,,,,2.01,718,5.0494,1.5936,0.0507,159.7944,-1.4571,0.0562,0.0304,0.3744,0.3333,509,637.3666,329.3333,37,6,85,1.627,0.188,6.986,51.0377,162.9,288.75,404,461,574,1159,,17569817,,0,0,0,0,0,0,0,0,0,0,0,0,0,0,0,0,0,0,SCm,,,,,8.638743456,6.544150605,6.544150605,0,0,0,0,0,0,2879.81,,
403KLEINE,,34.61659,-118.5620711,,,34.616726,-118.562098,4,SC,SCm,8,8,Mountain,Mountain,,0,0,0,0,1.8138,1.8138,0,0.0403,0.0403,0,0,0,0,0,0,0,0,0,,485,1158,0.0072,0.1471,0,100,0,0,0,41936.1992,2291.7,,,,,,,,,2.23,673,4.4934,1.6847,0.0389,156.4032,-1.5851,0.0571,0.0299,0.3712,0,589.6667,510.4556,329,34,5.6667,85,1.627,0.188,6.986,32,171.565,300,407.8,574,1159,1171,,17569633,,0,0,0,0,1.8138,1.8138,0,0.0403,0.0403,0,0,0,0,1.8138,1.8138,0,0.0403,0.0403,SCm,,,,,7.123287671,4.675534059,4.675534059,0,0,0,0,0,0,2747.0909,,
403LACACR,403DS0019,34.42817,-118.10384,,,34.428088,-118.103987,4,SC,SCm,8,8,Mountain,Mountain,,0,0,0,0,0.838,0.838,0,0.6145,0.6145,0,0,0,0,0,0,0,0,0,,568,1678,0.0022,0.1798,0,100,0,0,0,42857.8984,2032.4,,,,,,,,,3.22,1110,4.8264,2.3412,0.0547,164.1879,-3.1046,0.0531,0.0316,0.3823,1,474.7143,752.3333,301.75,39.8889,6.7778,96.9091,1.5914,0.1559,4.929,38.336,126,289.7,382,441,574,1159,,17574575,,0,0,0,0,0.838,0.838,0,0.6145,0.6145,0,0,0,0,0.838,0.838,0,0.6145,0.6145,SCm,,,,,0,0.027932961,0.027932961,0,0,0,0,0,0,2537.3267,,
403R4SFVC,,34.398011,-118.861477,,,34.398006,-118.861472,4,SC,SCx,6,85,Xeric,Xeric,,0,0,0,0,0,0,0.1328,0.039,0.039,3.8,2.0196,2.0196,2,2,2,0,0,0,,460,662,0.0547,0.1105,100,0,0,100,0,47149.8008,2481.8999,,,,,,,,,2.31,202,17.5458,6.2806,1.276,66.6175,-0.7685,0.0579,0.0297,0.3693,0,479.8333,281.2667,312,28.2857,5,61.5,1.5623,0.3237,1.885,292,400,716.6,886,979.4,1171,1171,,17574763,,0,0,0,0,0,0,0.1328,0.039,0.039,9.429,2.7659,2.7659,0,0,0,0.1328,0.039,0.039,SCx,,,,,0.398406375,0.116867939,0.116867939,0,0,0,9.428950863,2.765874562,2.765874562,4090.9083,,
403R4SSCT,,34.37747,-119.29893,,,34.37724,-119.29891,4,SC,SCx,6,85,Xeric,Xeric,,0,0,0,0,0,0,0,0,0,1.8508,1.5744,1.5744,2,2,2,0,0,0,,211,348,0.0547,0.1105,100,0,0,100,0,48596.1016,2422.8,,,,,,,,,0.98,137,17.5458,6.2806,1.276,66.6175,-0.7685,0.061,0.0283,0.3577,0,517,320.6,295,28.3333,5,55.3333,1.5609,0.325,1.885,292,400,716.6,886,979.4,1171,1171,,-9999,,0,0,0,0,0,0,0,0,0,0,0,0,0,0,0,0,0,0,SCx,,,,,60.43010753,59.89010989,59.89010989,0,0,0,0,0,0,4186.9749,,
403S00028,,34.524511,-118.764933,,,34.524506,-118.764921,4,SC,SCm,8,8,Mountain,Mountain,,0,0,0,2.4225,2.477,2.477,0,0,0,0,0,0,0,0,0,0,0,0,,526,903,0.0534,0.1115,100,0,0,100,0,41516.3008,2418.1001,,,,,,,,,1.56,377,16.5136,5.9131,1.2779,67.576,-0.7664,0.0578,0.0296,0.3688,0,474.4,363.6222,335,31.4,5.4,83.5,1.545,0.293,1.863,292,400,716.6,886,979.4,1171,1171,,17570211,,0,0,0,2.4225,2.477,2.477,0,0,0,0,0,0,2.4225,2.477,2.477,0,0,0,SCm,,,,,0,0.403225806,0.403225806,0,0,0,0,0,0,3410.4125,,
403TEXCYN,403DS0002,34.53638,-118.37716,,,34.536092,-118.37753,4,SC,SCm,8,8,Mountain,Mountain,,0,0,0,0,1.4064,1.4064,0,0,0,0,0,0,0,0,0,0,0,0,,669,1479,0.0416,0.1804,0,100,0,0,0,41519.3984,2316.1001,,,,,,,,,4.86,810,7.5231,6.9881,0.1231,74.0083,-1.187,0.0552,0.0308,0.3773,0.2,456,601.0833,316.2,32.6429,6,82.9286,1.5255,0.258,2,112.912,200,336,421,574,955,1171,,17570159,,0,0,0,0,1.4064,1.4064,0,0,0,0,0,0,0,1.4064,1.4064,0,0,0,SCm,,,,,0,0.222057735,0.222057735,0,0,0,0,0,0,2800.2208,,
403UACAFH,403DS0004,34.42756,-118.08826,,,34.427713,-118.087888,4,SC,SCm,8,8,Mountain,Mountain,,0,0,0,0,0,0,0,0,0,0,0,0,0,0,0,0,0,0,,422,1637,0.0022,0.1798,0,99.99999989,0,0,0,42857.8984,2032.4,,,,,,,,,0.98,1215,4.8264,2.3412,0.0547,164.1879,-3.1046,0.0531,0.0316,0.3823,1,513,793.7,291,41,7,98,1.5456,0.1434,4.929,52.6514,104.2,219,320,407.8,574,1159,,17574575,,0,0,0,0,0,0,0,0,0,0,0,0,0,0,0,0,0,0,SCm,,,,,0,0,0,0,0,0,0,0,0,2698.7334,,
404LUNADA,404DS0002,33.76912,-118.41726,,,33.768886,-118.417988,4,SC,SCx,6,85,Xeric,Xeric,,0,0,0,41.3238,36.0204,36.0204,57.9606,54.1811,54.1811,13.1325,11.1855,11.1855,7,12,12,0,0,0,,336,392,0.1037,0.1113,100,0,100,0,0,29351.1992,2141.3999,,,,,,,,,3.89,56,16.563,5.9546,1.2045,62.6696,-0.5922,0.0555,0.0313,0.3826,0,392.5455,349.9667,273.6667,26.75,5,-1,1.489,0.279,0.707,257.943,353.45,590.7,800,955,1159,1171,,20366141,,0,0,0,41.1449,35.5339,35.5339,58.1395,54.6676,54.6676,0,0,0,40.966,34.8622,34.8622,58.3184,55.3394,55.3394,SCx,,,,,0,0.810748205,0.810748205,0,0,0,0,0,0,2814.4666,,
404R4SASQ,,34.09101,-118.91113,,,34.09098,-118.911049,4,SC,SCx,6,85,Xeric,Xeric,,0,0,0,0,0.08,0.08,0,0,0,0,0.1019,0.1019,0,0,0,0,0,0,,577,804,0.024,0.2342,100,0,0,100,0,47808.6992,2401.8,,,,,,,,,2.25,227,5.8658,3.1565,0.0186,83.2854,-0.8752,0.0577,0.0303,0.3741,0,547.25,393.9,306,26.5,5,48.1429,1.5267,0.185,1.249,51.0377,166.84,319.25,441,790.6,1159,1171,,20364991,,0,0,0,0,0.08,0.08,0,0,0,0,0,0,0,0.08,0.08,0,0,0,SCx,,,,,0.411861614,0.520208083,0.520208083,0,0,0,0,0,0,3573.91,,
404R4SLVC,,34.1441,-118.70065,,,34.143915,-118.700783,4,SC,SCx,6,85,Xeric,Xeric,,0.0748,0.0185,0.0112,5.086,7.5223,5.1008,16.4547,10.7065,6.6768,7.1918,4.9353,3.3171,7,65,65,0,0,0,,465,694,0.0515,0.1135,100,0,0,100,0,43586.6992,2543.2,,,,,,,,,32.09,229,15.8888,5.8578,1.1309,67.4332,-0.7451,0.0561,0.0307,0.3767,0,470.3243,324.8711,335.3947,31.1569,5.6373,57.4583,1.5681,0.2705,3.1217,252.3,400,716.6,886,979.4,1171,1171,,20364891,,0,0.0138,0.0084,6.5819,8.9437,5.9645,17.5019,12.9401,8.034,0,0.0138,0.0084,6.5819,9.1052,6.0626,17.5019,13.1155,8.1433,SCx,,,,,0.598354525,0.203055056,0.123384089,0,0,0,0,0.013844663,0.008412552,3867.8225,,
404SMMCON,404DS0001,34.13782,-118.73011,,,34.137264,-118.728986,4,SC,SCx,6,85,Xeric,Xeric,,0,0,0,9.5861,10.3148,10.3148,14.5243,14.8694,14.8694,4.9409,5.0478,5.0478,2,2,2,0,0,0,,165,411,0.0511,0.1618,100,0,0,100,0,43586.6992,2543.2,,,,,,,,,1.34,246,14.6994,5.7648,0.9194,79.9157,-0.6935,0.0564,0.0306,0.3765,0,457,325.5667,328,28,5,50,1.568,0.257,3.17,200,324,590.7,886,1159,1171,1171,,20364797,,0,0,0,9.2229,9.9799,9.9799,14.8874,15.2043,15.2043,0,0,0,8.7872,9.5111,9.5111,15.3232,15.6731,15.6731,SCx,,,,,0,0,0,0,0,0,0,0,0,3279.4,,
405R4SSDC,,34.312506,-117.832749,,,34.312512,-117.83277,4,SC,SCm,8,8,Mountain,Mountain,,0,0,0,0,2.2324,2.2324,0,0.0657,0.0657,0,0.5897,0.5897,0,0,0,0,0,0,,931,2443,0.0044,0.1773,0,100,0,0,0,68375.7031,2072.6001,,,,,,,,,1.37,1512,4.5683,2.188,0.0468,161.0327,-2.7252,0.0524,0.0318,0.3826,2,988.5,1381.1333,261,44,8,78,1.49,0.1258,7.835,20.9996,37.85,128.2,248,300,441,574,,22522559,,0,0,0,0,2.2324,2.2324,0,0.0657,0.0657,0,0,0,0,2.2324,2.2324,0,0.0657,0.0657,SCm,,,,,69.0781797,77.01904137,77.01904137,0,0,0,0,0,0,3262.68,,
405R4STSC,,34.292309,-117.832384,,,34.292346,-117.832373,4,SC,SCm,8,8,Mountain,Mountain,,0,0,0,0,0,0,0,0,0,0,0,0,0,0,0,0,0,0,,1211,2327,0.0022,0.1798,0,100,0,0,0,68375.7031,2072.6001,,,,,,,,,2.54,1116,4.8264,2.3412,0.0547,164.1879,-3.1046,0.0524,0.0318,0.3826,1.25,960.3333,1176.2445,278.25,45,8,73.2222,1.5313,0.149,8.4096,51.1763,104.2,236.775,292,319.3,441,574,,22522643,,0,0,0,0,0,0,0,0,0,0,0,0,0,0,0,0,0,0,SCm,,,,,2.170542636,11.78761062,11.78761062,0,0,0,0,0,0,3111.9636,,
405SJHILL,405DS0001,34.03984,-117.87917,,,34.039412,-117.878202,4,SC,SCx,6,85,Xeric,Xeric,,0,0,0,0.3802,0.3802,0.3802,0,0,0,1.4914,1.4914,1.4914,0,0,0,0,0,0,,122,393,0.0547,0.1105,100,0,100,0,0,40815,2562.1001,,,,,,,,,0.24,271,17.5458,6.2806,1.276,66.6175,-0.7685,0.0525,0.0318,0.3827,0,478,585.9,319,31,6,45,1.501,0.295,1.27,128,293.9,465,790.6,955,1171,1171,,22523229,,0,0,0,0.3802,0.3802,0.3802,0,0,0,0,0,0,26.2357,26.2357,26.2357,37.2624,37.2624,37.2624,SCx,,,,,0,0,0,0,0,0,0,0,0,4418.2998,,
408ARYSIM,408DS0002,34.26427,-118.7271,,,34.264145,-118.728421,4,SC,SCx,6,85,Xeric,Xeric,,0,0.0833,0.0698,8.3275,10.2468,7.2562,39.3982,35.0234,18.334,5.1249,6.6269,4.3346,1,29,85,0,0.000181871,0,,831,1108,0.2006,0.1221,100,0,0,100,0,42772,2561.5,,,,,,,,,82.54,277,8.9442,3.6128,0.788,56.6352,-0.171,0.056,0.0306,0.3757,0,485.1053,341.3354,328.84,30.1133,5.1133,61.2148,1.5772,0.247,4.6115,200,292,433,716.6,886,1171,1171,,17563962,,0,0.0833,0.0905,7.3478,9.836,7.1013,40.3779,37.3761,19.5421,0,0.0833,0.0905,7.3478,9.6004,7.001,41.2876,38.1747,20.0033,SCx,,,,,0,0.037344518,0.145014447,0,0,0,0,0.083307001,0.090497738,3428.5713,,
408GRIMES,408DS0001,34.3107,-118.90781,,,34.310135,-118.909653,4,SC,SCx,6,85,Xeric,Xeric,,50.2431,11.8399,11.8399,5.1864,7.5763,7.5763,2.9173,2.7878,2.7878,1.3606,2.0811,2.0811,1,2,2,0,0,1,,263,502,0.3739,0.1318,100,0,0,100,0,36550.6992,2421.1001,,,,,,,,,2.74,239,1.5008,1.4676,0.0934,39.167,0.3144,0.0578,0.0299,0.3707,0,436.625,250.2111,319.6667,24.4444,4,58,1.5802,0.2931,4.1957,32,161,336,441,716.6,1159,1171,,17563718,,50.8914,11.9711,11.9711,5.1864,7.5763,7.5763,2.9173,2.8534,2.8534,50.8914,11.9711,11.9711,5.1864,7.5763,7.5763,2.9173,2.8534,2.8534,SCx,,,,,1.296596434,0.754345687,0.754345687,6.645056726,1.37750082,1.37750082,44.24635332,10.59363726,10.59363726,3868.4286,,
412SINGSP,412DS0001,34.33251,-118.12083,,,34.331298,-118.120976,4,SC,SCm,8,8,Mountain,Mountain,,0,0,0,3.1434,0.9421,1.7189,1.277,0.2765,0.2761,0,0,0.221,0,0,0,0,0,0,,802,1830,0.0037,0.1407,0,100,0,0,0,60061,2094.3,,,,,,,,,10.11,1028,8.095,3.1295,0.0552,174.6529,-0.9585,0.053,0.0317,0.3824,1,689.8,792.5267,306.6154,39.5,6,97.871,1.613,0.162,4.929,75,177,257,356,415.9,600,1159.12,,22514264,,0,0,0,3.1434,0.9421,1.7189,1.277,0.2765,0.2761,0,0,0,3.1434,0.9421,1.7189,1.277,0.2765,0.2761,SCm,,,,,0,1.658986175,1.683291771,0,0,0,0,0,0,3196.249,,
801SANT1X,,33.70885,-117.61456,,,33.708946,-117.614729,8,SC,SCx,6,85,Xeric,Xeric,,0,0,0,8.3658,2.527,3.0601,0.3891,0.0572,0.0497,0,0.0424,0.141,0,0,0,0,0,0,,1212,1649,0.0512,0.16,0,0,0,100,0,36269.5,2483.2,,,,,,,,,16.3,437,4.8501,3.0738,0.0445,126.7296,-1.1522,0.0567,0.0315,0.388,2.1,625.5641,1517.2537,313.65,40.12,7.04,59.1458,1.562,0.2969,3.7624,62.9006,183.1,350.3,394,441,716.6,1159.12,,22561360,,0,0,0,8.3658,2.527,3.0601,0.3891,0.0572,0.0497,0,0,0,8.3658,2.527,3.0601,0.3891,0.0572,0.0497,SCx,,,,,0.583657588,2.535165195,10.42863456,0,0,0,0,0,0,3555.2338,801SANT1x,
801SHDCYN,,33.619866,-117.78564,,,33.619813,-117.785667,8,SC,SCx,6,85,Xeric,Xeric,,0,0,0,0.9202,2.0148,2.0148,0,0,0,1.9207,2.2664,2.2664,0,0,0,0,0,0,,211,313,0.0376,0.127,100,0,0,100,0,30600.4004,2394.6001,,,,,,,,,2.55,102,3.2858,1.8687,0.5048,73.275,-0.7163,0.0567,0.0315,0.3873,0,378,437.7667,300.5,34.5714,6,22.6667,1.501,0.295,1.27,195.67,258.9,407.8,716.6,918.5,1159,1171,,20355598,,0,0,0,0.9202,2.0148,2.0148,0,0,0,0,0,0,0.9202,2.0148,2.0148,0,0,0,SCx,,,,,0,0,0,0,0,0,0,0,0,3768.8666,801SHDCYN,
901AUDFOX,,33.598743,-117.564667,,,33.598512,-117.564614,9,SC,SCx,6,85,Xeric,Xeric,,0,0,0,0.1422,0.2606,0.2606,0,0,0,1.6039,1.7214,1.7214,0,0,0,0,0,0,,319,534,0.0448,0.1152,0,0,0,100,0,31090.8008,2485.7,,,,,,,,,1.38,215,17.655,6.6399,1.179,70.4695,-0.6614,0.059,0.0314,0.3909,0,443.3333,474.7,301.6667,32.75,6,45,1.538,0.2887,5.233,292,391.1,590.7,836.9,979.4,1171,1171,,20348393,,0,0,0,0.1422,0.2606,0.2606,0,0,0,0,0,0,0.1422,0.2606,0.2606,0,0,0,SCx,,,,,1.422475107,2.084690554,2.084690554,0,0,0,0,0,0,3217.04,901AUDFOX,
901EMRCYN,,33.55738,-117.803108,,,33.557586,-117.80332,9,SC,SCx,6,85,Xeric,Xeric,,0,0,0,0,0.0182,0.0182,0.0935,0.0182,0.0182,1.9643,1.9609,1.9609,0,0,0,0,0,0,,278,309,0.0547,0.1105,100,0,0,100,0,27522.3008,2226.2,,,,,,,,,4.94,31,17.5458,6.2806,1.276,66.6175,-0.7685,0.0573,0.0315,0.3879,0,346.3333,471.2,292,34.4375,6,19.3125,1.501,0.295,1.27,292,400,590.7,836.9,979.4,1171,1171,,20348611,,0,0,0,0,0.0182,0.0182,0.0935,0.0182,0.0182,0,0,0,0,0.0182,0.0182,0.0935,0.0182,0.0182,SCx,,,,,0,0,0,0,0,0,0,0,0,3891.1778,901EMRCYN,
901LAUREL,,33.585507,-117.763683,,,33.585425,-117.763781,9,SC,SCx,6,85,Xeric,Xeric,,0,0,0,0,4.126,4.126,0,3.004,3.004,1.9712,4.0963,4.0963,0,0,0,0,0,0,,236,315,0.0545,0.1107,100.0000001,0,0,100.0000001,0,31456.4004,2403.8,,,,,,,,,2.49,79,17.1441,6.1524,1.2581,66.8592,-0.7671,0.0569,0.0315,0.3875,0,375.8571,486.05,304,35,6,21.4286,1.501,0.295,1.27,292,400,593,836.9,979.4,1171,1171,,20348449,,0,0,0,0,3.945,3.945,0,3.1849,3.1849,0,0,0,0,3.8726,3.8726,0,3.2573,3.2573,SCx,,,,,0,0,0,0,0,0,0,0,0,3593.775,901LAUREL,
901NP9BWR,,33.53063,-117.42908,,,33.530637,-117.429075,9,SC,SCx,6,85,Xeric,Xeric,,0,0,0,5.0761,1.4352,2.6907,0,0,0,0,0.083,0.2696,0,0,1,0,0,0,,666,990,0.0439,0.1486,0,100,0,0,0,33980.6992,2459.5,,,,,,,,,12.78,324,4.6826,2.7945,0.0335,128.3768,-1.7518,0.0621,0.0312,0.3951,0,495.6429,628.7769,300.9333,34.7692,6,59.275,1.5708,0.284,4.1902,32,200,382,433,574,918.5,1171,,20348769,,0,0,0,5.0761,1.4352,2.6907,0,0,0,0,0,0,5.0761,1.4352,2.6907,0,0,0,SCx,,,,,1.607445008,4.714273289,6.550679721,0,0,0,0,0,0,3345.8583,901NP9BWR,
901NP9CSC,,33.5919,-117.5216,,,33.59163,-117.521843,9,SC,SCx,6,85,Xeric,Xeric,,0,0,0,3.9631,3.4994,3.3123,0.1843,0.0951,0.0832,0.8022,0.4581,0.4175,0,0,0,0,0,0,,797,1031,0.0339,0.153,0,0,0,100,0,31732.4004,2490.3,,,,,,,,,5.41,234,4.7508,2.6178,0.0359,124.8168,-2.1881,0.0592,0.0314,0.3912,0,474.0769,634.0333,305.5714,33.5625,6,53.1667,1.5417,0.2956,2.7071,32,200,382,441,574,918.5,1171,,20348441,,0,0,0,3.9631,3.4994,3.3123,0.1843,0.0951,0.0832,0,0,0,3.9631,3.4994,3.3123,0.1843,0.0951,0.0832,SCx,,,,,0.829493088,2.434385698,2.629826897,0,0,0,0,0,0,3337.5769,901NP9CSC,
901NP9TNC,,33.526506,-117.405504,,,33.526128,-117.40582,9,SC,SCx,6,85,Xeric,Xeric,,0,0,0,4.626,5.5505,7.0938,0,0.007,0.0584,0,0.8473,1.5239,0,4,12,0,0,0,,552,899,0.0047,0.1733,0,100,0,0,0,33980.6992,2459.5,,,,,,,,,18.49,347,5.053,2.4831,0.0235,146.9138,-3.0913,0.0647,0.0311,0.3986,0,457.4762,648.2421,299.9583,34.5789,6,52.2857,1.5895,0.2423,4.9911,32,171.7,382,441,552.25,836.9,979.4,,20348891,,0,0,0,4.626,5.5505,7.0938,0,0.007,0.0584,0,0,0,4.626,5.5505,7.0938,0,0.007,0.0584,SCx,,,,,16.73228346,7.428531683,6.816300696,0,0,0,0,0,0,3178.9907,901NP9TNC,
901SJVERD,,33.5328,-117.5506,,,33.532768,-117.550588,9,SC,SCx,6,85,Xeric,Xeric,,0,0,0,1.4024,1.2097,2.7478,0.863,0.118,0.2035,1.8866,1.8567,1.7416,1,2,4,0,0,0,,653,767,0.0481,0.148,0,5.19384905,0,94.80615095,0,30549.6992,2488.8999,,,,,,,,,13.27,114,10.977,4.7921,0.578,90.5028,-0.8274,0.0608,0.0313,0.3931,0,471.9655,472.8744,299.8667,34.0714,6,46.775,1.5227,0.2953,2.2179,148.82,287.605,496.7,836.9,1159,1171,1171,,20348737,,0,0,0,1.4024,1.2097,2.7478,0.863,0.118,0.2035,0,0,0,1.4024,1.2097,2.7478,0.863,0.118,0.2035,SCx,,,,,8.953613808,3.884736428,5.8687835,0,0,0,0,0,0,3413.5,901SJVERD,
901UNTLCC,,33.618052,-117.435405,,,33.618048,-117.435412,9,SC,SCx,6,85,Xeric,Xeric,,0,0,0,7.2779,2.1523,2.1523,0,0.1104,0.1104,0,1.4868,1.4868,0,0,0,0,0,0,,419,952,0.0051,0.1616,0,100,0,0,0,32913.5,2563.8999,,,,,,,,,3.26,533,4.621,2.1024,0.0216,140.4252,-3.3987,0.0603,0.0313,0.393,0,457.8571,826.475,339.6667,34.5,6,70.1,1.5914,0.2387,5.0739,32,171.7,382,441,552.25,836.9,918.865,,20348337,,0,0,0,7.2779,2.1523,2.1523,0,0.1104,0.1104,0,0,0,7.2779,2.1523,2.1523,0,0.1104,0.1104,SCx,,,,,1.323251418,2.814569536,2.814569536,0,0,0,0,0,0,3036.0938,NA,
901UPRAC1,,33.65573,-117.65909,,,33.655738,-117.659328,9,SC,SCx,6,85,Xeric,Xeric,,0,0,0,27.7668,28.0374,19.8482,52.0751,39.4575,26.1474,10.5731,9.2872,6.8806,2,36,37,0,0,2,,523,741,0.0441,0.1158,0,0,0,100,0,32610.9004,2486.5,,,,,,,,,12.69,218,12.0142,4.407,1.1843,73.1953,-0.7312,0.0565,0.0315,0.3877,0,463.4815,601.5424,309,33,6,43.1538,1.495,0.2873,1.0939,128,258.95,441,790.6,955,1171,1171,,20348283,,0,0,0,25.5929,26.2822,18.7558,54.249,41.7597,27.5803,0,0,0,25.4941,25.8377,18.4791,54.3478,42.2042,27.857,SCx,,,,,0,0.262138135,0.588777754,0,0,0,0,0,0,3321.2754,NA,
902DPCCT,,33.41805,-116.65065,,,33.417948,-116.650707,9,SC,SCm,8,8,Mountain,Mountain,,0,0,0,0,0,0,0,0,0,0,0,0,0,0,0,0,0,0,,408,1784,0.0073,0.1372,0,100,0,0,0,41838.6016,2203.7,,,,,,,,,2.95,1376,3.3571,2.2246,0.0361,154.3994,-1.1125,0.093,0.0305,0.4322,4.3333,595.1429,3173.1001,302.3333,39.4444,6.2222,109.5455,1.589,0.176,11.125,56.5541,97.85,200,319.3,441,574,837.716,,22549601,,0,0,0,0,0,0,0,0,0,0,0,0,0,0,0,0,0,0,SCm,,,,,17.77777778,38.10539141,38.10539141,0,0,0,0,0,0,2410.64,NA,
902DPUCC1,,33.57575385,-116.7618376,,,33.574627,-116.761594,9,SC,SCx,6,8,Xeric,Mountain,,0,0,0,0,0,0,0,0,0,0,0,0,0,0,0,0,0,0,,464,1683,0.0073,0.1372,0,100,0,0,0,31403.4004,2355.6001,,,,,,,,,1.37,1219,3.3571,2.2246,0.0361,154.3994,-1.1125,0.0862,0.0303,0.4272,2,431.6667,2614.9333,318,38,6,113,1.588,0.182,7.072,56.9959,104.2,219,382,441,574,837.716,,22548091,,0,0,0,0,0,0,0,0,0,0,0,0,0,0,0,0,0,0,SCx,,,,,13.25301205,8.526107072,8.526107072,0,0,0,0,0,0,3014.04,NA,
902DPUCC2,,33.54603,-116.79102,,,33.54603,-116.790943,9,SC,SCx,6,8,Xeric,Mountain,,0,0,0,0,0,0,0,0,0,0,0,0,0,0,0,0,0,0,,605,1711,0.0068,0.1416,0,100,0,0,0,33809.3984,2381.8,,,,,,,,,4.03,1106,3.5718,2.2025,0.0336,152.0655,-1.5038,0.0856,0.0303,0.4264,1.8333,419.5714,2614.9333,322.5,37.3333,6,113,1.588,0.182,7.072,52.86,104.2,219,394,460.925,574,601.82,,22547495,,0,0,0,0,0,0,0,0,0,0,0,0,0,0,0,0,0,0,SCx,,,,,0,9.208761734,9.208761734,0,0,0,0,0,0,2715.0158,NA,
902LNGCYN,,33.5099,-117.1447,,,33.509603,-117.144542,9,SC,SCx,6,85,Xeric,Xeric,,0,0.3307,0.8999,6.5954,21.622,20.7958,88.2353,67.3858,48.9537,12.8262,12.7639,10.0016,4,34,38,11.9,0,0,,120,446,0.8454,0.1252,0,100,0,0,0,28249.5,2666.3999,,,,,,,,,8.3,326,1.5171,0.9636,0.1104,2.2265,2.1066,0.0733,0.0307,0.4107,0.4444,412.8095,830.4074,341.8889,27.8696,5,76.037,1.6839,0.2671,2.596,51.4082,161,317,407.8,574,836.9,955.244,,22545469,,0,0.0315,0.6939,6.5954,22.315,21.2512,88.2353,70.3465,51.0138,0,0.0315,0.6939,6.5954,21.685,21.815,88.2353,70.9764,52.1956,SCx,,,,,0,0,0,0,0.031496063,0.455383281,0,0,0.2385341,3249.63,902LNGCYN,
902SGCGKR,,33.53894,-117.1341367,,,33.53876645,-117.134102,9,SC,SCx,6,85,Xeric,Xeric,,0,0.8068,12.1462,15.9004,13.9214,11.5701,64.1762,13.1214,3.8207,11.3455,4.2874,3.6991,9,36,150,2.3,0,0,,498,837,0.4835,0.1397,0,100,0,0,0,26731.4004,2700.6001,,,,,,,,,64.99,339,2.8737,1.4948,0.0719,61.9219,-0.218,0.0758,0.0306,0.4144,1.4872,395.4257,1018.9374,353.5,27.785,5.005,87.125,1.6423,0.2612,2.738,51.41,161,301.5,407.8,501.325,782,918.865,,948070502,,0,0.7111,12.0229,14.6552,15.412,11.9315,72.7011,18.5504,4.9839,0,0.7111,11.9758,14.4636,16.1846,12.1379,72.8927,19.5829,5.2734,SCx,,,,,0,0,0.062316512,0,0.51965812,3.780535091,0,0.191452991,8.195313798,3212.3545,,
902SMAS2x,,33.45641067,-116.9719117,,,33.456527,-116.972012,9,SC,SCx,6,85,Xeric,Xeric,,0,0,0,3.4247,1.7689,1.7689,0,0,0,0,0,0,0,0,0,0,0,0,,494,1000,0.1313,0.1288,0,100,0,0,0,32935.1016,2598.2,,,,,,,,,0.76,506,2.7403,2.1339,0.0498,112.2983,-0.7356,0.079,0.0306,0.4176,3,428.5,1575.4667,350,33,5,112.6667,1.591,0.2387,3.8775,59,160.5,219,382,461,574,918.5,,22549497,,0,0,0,3.4247,1.7689,1.7689,0,0,0,0,0,0,3.4247,1.7689,1.7689,0,0,0,SCx,,,,,0,16.15566038,16.15566038,0,0,0,0,0,0,2676.2,902SMAS2x,
902UDLVGR,,33.481379,-117.308525,,,33.481171,-117.308146,9,SC,SCx,6,85,Xeric,Xeric,,0,0.3407,0.3404,4.6381,5.5316,5.5266,0.7027,0.2806,0.2803,1.9574,2.5355,2.5333,0,7,7,0,0,0,,548,776,0.0073,0.2209,0,100,0,0,0,29638.0996,2513.1001,,,,,,,,,8.99,228,6.3643,3.7593,0.0253,159.9969,-2.117,0.0667,0.031,0.4013,0,409.1429,618.6,311.7273,32,6,53.0385,1.5857,0.2965,4.7142,32,200,382,441,574,918.5,1171,,22548285,,0,0.3407,0.3404,4.6381,5.5316,5.5266,0.7027,0.2806,0.2803,0,0.3407,0.3404,4.6381,5.5316,5.5266,0.7027,0.2806,0.2803,SCx,,,,,0,10.22146508,10.21225471,0,0.19039984,0.190228274,0,0.150315663,0.150180216,3272.8047,NA,
902UPPWSC,,33.669097,-117.084555,,,33.668984,-117.084381,9,SC,SCx,6,85,Xeric,Xeric,,22.7273,6.6729,6.6729,5.6604,5.4173,5.4173,0.6861,1.8368,1.8368,2.4068,2.502,2.502,1,1,1,44.5,0,0,,183,628,0.6237,0.1351,0,99.99999995,0,0,0,25434.5996,2741.5,,,,,,,,,3.87,445,2.3559,1.269,0.0864,39.6133,0.6141,0.0719,0.0307,0.4104,0,315.5556,909.9667,365.75,30,6,78,1.6324,0.2632,3.7906,32,159.55,328,433,574,918.5,981.196,,22547059,,22.7273,6.6729,6.6729,5.6604,5.4173,5.4173,0.6861,1.8368,1.8368,22.7273,6.9984,6.9984,5.6604,5.4173,5.4173,0.6861,1.8368,1.8368,SCx,,,,,0,0,0,0.428816467,0.116252034,0.116252034,22.29845626,6.882120437,6.882120437,3433.1059,NA,
902USGCBS,,33.54548,-117.10344,,,33.545936,-117.103513,9,SC,SCx,6,85,Xeric,Xeric,,0,10.1375,20.8987,20.296,6.378,8.4063,2.2199,1.3747,1.4073,3.745,2.3952,2.837,2,11,41,0,0,0,,331,696,0.5931,0.1327,0,100,0,0,0,26793.0996,2703.6001,,,,,,,,,23.85,365,2.5,1.4186,0.0831,44.008,0.592,0.0751,0.0306,0.4135,1.2333,380.6111,940.6652,357.5667,27.5211,5,84.527,1.6498,0.2685,2.9084,51.41,117.4,292,407.8,528,782,918.865,,22545369,,0,9.7821,20.6724,20.4017,7.0046,8.7345,2.2199,5.3493,3.0448,0,9.7821,20.5026,20.7188,7.2197,8.8779,2.2199,5.5363,3.2259,SCx,,,,,0,0,0.011319046,0,0.663985785,9.662692424,0,9.118114654,10.83987323,3606.5768,NA,
902WRMSPC,,33.529608,-117.182002,,,33.529542,-117.181952,9,SC,SCx,6,85,Xeric,Xeric,,0,0,4.467,24.7541,20.8143,7.1706,55.5738,49.3939,7.4639,8.013,9.8402,3.252,2,22,193,24.3,5.27E-05,1,,524,840,0.2031,0.1414,0,100,0,0,0,26673,2723.5,,,,,,,,,148.84,316,4.4893,2.7252,0.0468,114.4641,-0.846,0.0726,0.0307,0.411,1.0618,342.5409,932.7381,361.1966,29.4989,5.4398,78.6824,1.6024,0.2876,4.0968,137.365,200,382,441,500,782,1159,,22547091,,0,0,5.0294,18.1967,18.1839,7.0975,68.3607,63.2777,12.5175,0,0,5.8639,17.0492,17.5663,7.2226,69.8361,67.5778,14.2626,SCx,,,,,0,0.011436414,0.00362825,0,0,0.406968658,0,0,5.456887325,3210.6236,902WRMSPC,
903DPUEFS,,33.38468,-116.62602,,,33.384826,-116.626276,9,SC,SCm,8,8,Mountain,Mountain,,0,0,0,0,0,0,0,0,0,0,0,0,0,0,0,0,0,0,,427,1860,0.0071,0.1394,0,99.99999986,0,0,0,43139.6016,2172.3999,,,,,,,,,2.6,1433,3.4739,2.2125,0.0347,153.1296,-1.3254,0.0941,0.0306,0.4331,4,603.1667,3173.3556,297,38.5556,6.2222,107.6667,1.589,0.176,11.125,66.5243,104.2,200,315.6,441,574,837.716,,20342969,,0,0,0,0,0,0,0,0,0,0,0,0,0,0,0,0,0,0,SCm,,,,,5.212620027,5.183137526,5.183137526,0,0,0,0,0,0,2449.025,NA,
903DPUWF1,,33.33692,-116.82487,,,33.337039,-116.82474,9,SC,SCm,8,8,Mountain,Mountain,,0,0,0,0,0.2927,0.2927,0,0,0,0,0,0,0,0,0,0,0,0,,592,1865,0.005,0.1585,0,100.0000001,0,0,0,59941.8984,2161.3,,,,,,,,,3.08,1273,4.4404,2.1131,0.0237,142.6238,-3.087,0.0861,0.0306,0.4247,4.75,730.1667,3131.3333,306,40.0909,6.3636,123,1.589,0.176,11.125,30.958,65.7,171.7,219,394,574,574,,20343055,,0,0,0,0,0.2927,0.2927,0,0,0,0,0,0,0,0.2927,0.2927,0,0,0,SCm,,,,,33.47517731,43.07872403,43.07872403,0,0,0,0,0,0,3326.1429,NA,
903NP9PRC,,33.26041,-116.80917,,,33.260425,-116.809049,9,SC,SCm,8,8,Mountain,Mountain,,0,0,0,0,1.9263,1.9263,0,0,0,0,0.1547,0.1547,0,0,0,0,0,0,,533,1294,0.0046,0.1621,0,99.99999999,0,0,0,56431.3984,2411.7,,,,,,,,,3.78,761,4.6226,2.0943,0.0216,140.6432,-3.4191,0.089,0.0307,0.4268,4,740.2,2424.3111,323,47.8333,8,117.6667,1.5453,0.1968,8.1386,26.8,62.743,171.7,238.7,364,461,574,,20344397,,0,0,0,0,1.9263,1.9263,0,0,0,0,0,0,0,1.9263,1.9263,0,0,0,SCm,,,,,50.1965924,24.11414982,24.11414982,0,0,0,0,0,0,3414.7941,903NP9PRC,
903SLFRCx,,33.34398,-116.8817,,,33.34431,-116.881634,9,SC,SCm,8,8,Mountain,Mountain,,0,0,0,15.3244,15.1717,15.1717,0,0,0,0.7815,0.7747,0.7747,0,0,0,0,0,0,,233,1734,0.007,0.1596,0,100,0,0,0,63262.1992,2126.8999,,,,,,,,,0.81,1501,4.4725,2.1133,0.0233,139.5974,-3.2196,0.0837,0.0306,0.422,5,713,3351.7,298,37,5,128,1.487,0.224,4.299,26.8,59,163.8,219,315.6,496.7,574.26,,20343047,,0,0,0,15.3244,15.1717,15.1717,0,0,0,0,0,0,15.3244,15.1717,15.1717,0,0,0,SCm,,,,,77.06935123,77.2978959,77.2978959,0,0,0,0,0,0,4161.9001,903SLFRCx,
903UTLSLR,,33.25768,-117.29409,,,33.257553,-117.293992,9,SC,SCx,6,85,Xeric,Xeric,,2.4834,9.4878,3.452,11.6998,16.0211,7.6048,60.2649,31.9334,3.4089,7.3403,4.3944,1.9667,8,27,730,5,5.39E-05,1,,1964,1990,0.1202,0.1553,0,94.17609607,0,5.823903928,0,26281.5996,2227,,,,,,,,,1361.17,26,4.3141,2.254,0.0453,128.5569,-1.9841,0.0846,0.0308,0.422,2.2379,515.4663,1729.8281,318.6266,37.6491,6.1695,89.4336,1.5796,0.2183,6.8392,74.84,171.7,298,407.8,460.9,574,837.716,,20342513,,2.5938,11.2068,3.4077,11.6446,17.7401,7.8466,61.2583,32.6056,3.562,2.4834,10.8963,3.3689,11.3687,18.057,7.8673,63.9073,33.9949,3.6533,SCx,,,,,0,0.019206146,10.11193608,2.483443709,1.927016645,1.184754371,0,8.969270166,2.184105725,3477.5341,NA,
903UTMSLR,,33.36475105,-117.1594744,,,33.364762,-117.159435,9,SC,SCx,6,85,Xeric,Xeric,,0,4.6369,4.3501,17.208,12.5596,13.4869,13.4762,6.2293,6.754,4.8787,4.2814,4.3657,2,10,10,39.3,0,0,,484,592,0.0236,0.1539,0,99.99999999,0,0,0,30249.4004,2454.8999,,,,,,,,,17.11,108,5.0478,2.7568,0.0269,143.0109,-2.361,0.0736,0.0308,0.41,0.95,445.8947,656.3074,314.1,32.1296,5.7593,54.9804,1.6506,0.2489,2.8094,160.767,219,382,425.5,500,782.43,918.5,,20341529,,0,4.5753,4.2923,17.208,12.4474,13.3344,13.5453,6.3863,6.9486,0,4.194,3.9346,17.208,12.4082,13.2713,13.5453,6.4424,7.0275,SCx,,,,,0,1.014858424,0.952080375,0,3.924866835,3.682078796,0,0.269133726,0.252485403,3589.7827,NA,
904SAXONY,,33.07864,-117.28489,,,33.07849162,-117.2853518,9,SC,SCx,6,85,Xeric,Xeric,,0,0.1713,0.1713,34.8586,31.6391,31.6391,44.7587,43.6322,43.6322,5.7677,5.6354,5.6354,2,2,2,0,0,0,,94,123,0.0568,0.1349,100,0,0,100,0,24892.3008,2076.3,,,,,,,,,1.58,29,2.0328,1.7507,0.3649,64.5405,-0.7888,0.0774,0.031,0.4114,0,311.4,380.0667,253,34,6,20.4,1.711,0.223,10.512,32,87.5,256.575,407.8,716.6,1159,1171,,20341973,,0,0.0571,0.0571,35.8569,40.8338,40.8338,45.0083,43.9178,43.9178,0,0.0571,0.0571,35.8569,40.8338,40.8338,45.0083,43.9178,43.9178,SCx,,,,,0.665557404,0.513992005,0.513992005,0,0.057110223,0.057110223,0,0,0,0,NA,
904UNTEC3,,33.16901,-117.09294,,,33.168875,-117.092981,9,SC,SCx,6,85,Xeric,Xeric,,0,2.1057,2.1057,35.0126,21.0575,21.0575,11.9647,11.1436,11.1436,5.0839,5.5443,5.5443,2,9,9,19.6,0,0,,302,533,0.0179,0.1822,0,100,0,0,0,30828.9004,2521.3,,,,,,,,,5.86,231,4.906,2.5985,0.0401,139.7935,-2.335,0.0793,0.0309,0.4151,1,421.25,642.5,308,37,6,48.65,1.5953,0.2436,4.1921,104.2,200,382,407.8,441,574,979.4,,20341877,,1.0076,1.8752,1.8752,37.9093,21.8106,21.8106,12.5945,11.4202,11.4202,1.0076,1.0298,1.0298,37.6574,21.7338,21.7338,12.8463,11.5125,11.5125,SCx,,,,,3.022670025,1.87519213,1.87519213,1.007556675,1.029818629,1.029818629,0,0,0,3516.5857,NA,
904UNTSE1,,33.00929,-117.2540277,,,33.01073362,-117.2553866,9,SC,SCx,6,85,Xeric,Xeric,,0,0.004,2.2737,29.3515,42.0101,17.2486,38.3959,44.8493,27.3315,1.9734,5.2481,5.4725,0,14,199,20.4,0.000158013,0,,731,733,0.038,0.1654,17.62565377,82.37434623,0,17.62565377,0,24447.6992,2108.6001,,,,,,,,,215.57,2,4.6851,2.4464,0.1284,130.0771,-2.2413,0.0809,0.0309,0.4164,0.6139,408.4756,620.0571,304.9266,36.9625,6.2024,46.8976,1.6039,0.2578,4.2825,104.038,200,350.3,433,461,782,1159.12,,20342689,,0,0.004,2.1655,29.3515,42.0221,17.4649,38.3959,44.9488,28.4858,0,0.004,1.9735,29.3515,41.9942,17.5476,38.3959,45.0723,29.2177,SCx,,,,,0,0.402182137,0.664228518,0,0,1.252056144,0,0.003982001,0.721424814,3240.5585,NA,
904UNTSE2,,33.00969,-117.2455878,,,33.01133688,-117.2457214,9,SC,SCx,6,85,Xeric,Xeric,,0,0.0237,0.1965,46.7298,52.4361,49.8772,44.8365,35.9981,36.0103,3.3835,4.9455,4.6608,1,8,18,4.6,0.000180499,0,,386,388,0.2026,0.1454,81.55015683,18.44984317,0,81.55015683,0,24447.6992,2108.6001,,,,,,,,,16.49,2,3.5369,2.0193,0.5299,71.1731,-0.2409,0.0802,0.031,0.4146,0,304.8108,375.9292,264.4211,35.3585,6.0377,26.8125,1.5769,0.2911,3.396,32,175.65,400,574,849.175,1159,1171,,20342687,,0,0.0237,0.1965,46.7298,52.3258,49.7953,44.8365,36.1085,36.0922,0,0.0237,0.1965,46.6437,52.3179,49.7571,44.9225,36.3056,36.2614,SCx,,,,,0,0.417849259,0.316645739,0,0.007883948,0.005459409,0,0.015767897,0.191079325,3750.9269,NA,
905SDBDN9,,33.093324,-116.897295,,,33.093324,-116.897295,9,SC,SCx,6,85,Xeric,Xeric,,0,0,0,3.3051,1.0482,1.6592,0,0,0,0.8219,0.4254,0.5243,0,3,4,0,0,0,,471,698,0.0046,0.1621,0,100,0,0,0,31898.6992,2598.5,,,,,,,,,19.74,227,4.6226,2.0943,0.0216,140.6432,-3.4191,0.0875,0.0309,0.4242,1,444.0222,925.9936,337.5833,36.2131,6.1967,75.6885,1.5922,0.2379,4.6231,74.84,163.8,378.35,407.8,461,574,918.5,,20329780,,0,0,0,3.3051,1.0482,1.6592,0,0,0,0,0,0,3.3051,1.0482,1.6592,0,0,0,SCx,,,,,0,1.408183885,1.44042301,0,0,0,0,0,0,3310.5445,905SDBDN9,
905SMCRAM,,33.0557,-116.8591979,,,33.05572624,-116.8592064,9,SC,SCx,6,85,Xeric,Xeric,,0.2219,0.5972,1.9195,13.2268,10.9498,7.5275,5.1487,2.3666,0.9818,3.6661,3.3951,2.4488,2,32,62,7.5,0,2,,554,994,0.0842,0.1546,0,96.07199855,0,3.928001458,0,33138.1016,2587.7,,,,,,,,,75.35,440,4.1051,1.9735,0.0317,127.2186,-2.6119,0.0924,0.031,0.4292,2.9111,507.7168,1301.9631,330.7556,40.4095,6.9784,74.9696,1.6021,0.2436,3.9418,75,171.305,300,394,441,574,782.549,,20330900,,0.2219,0.4924,1.8801,13.138,10.9879,7.5418,5.2375,2.5064,1.0344,0.2219,0.4098,1.8526,13.0937,11.0388,7.5609,5.2818,2.5604,1.0547,SCx,,,,,0,0.079415502,0.358337315,0,0.206480305,1.774964166,0.22192632,0.203303685,0.077639752,3580.4724,NA,
905UNTGVC,,33.01509,-117.0533954,,,33.01496597,-117.0533844,9,SC,SCx,6,85,Xeric,Xeric,,0.4266,0.3261,0.3261,24.4881,34.4457,34.4457,73.8908,52.4022,52.4022,8.5889,6.5869,6.5869,1,6,6,49.9,0,0,,244,407,0.0065,0.1649,0,100,0,0,0,29304.0996,2531.7,,,,,,,,,8.28,163,4.6622,2.1647,0.0242,140.5245,-3.2677,0.0857,0.031,0.4211,0.8,391.7222,583.1167,316.6,41.52,7,41.9615,1.5931,0.2407,4.0294,76.98,200,373.4,407.8,466.375,575.03,1159,,20328684,,0.4266,0.2391,0.2391,24.0614,34.1304,34.1304,74.3174,52.7283,52.7283,0.4266,0.2391,0.2391,23.9761,34.0978,34.0978,74.4027,52.9783,52.9783,SCx,,,,,0.085324232,0.597826087,0.597826087,0.42662116,0.239130435,0.239130435,0,0,0,3305.5027,NA,
906SLCFGC,,32.892007,-117.180963,,,32.892005,-117.180964,9,SC,SCx,6,85,Xeric,Xeric,,0,0.3234,0.2267,21.7448,8.0157,18.4926,40.2344,64.1603,56.071,2.6264,5.5268,7.5395,0,9,76,11.7,0,0,,249,305,0.2239,0.1098,100,0,0,100,0,27139.1992,2267.1001,,,,,,,,,23.82,56,1.1859,0.8998,0.055,71.0371,0.09,0.0863,0.0311,0.4208,0.5357,344.4035,478.0347,285.0714,37.7,7,20.5139,1.5446,0.2297,3.7103,51.9941,117.4,249.5,400,574,956.22,1171,,20331316,,0,0.1386,0.1662,23.5677,8.6394,18.3755,42.5781,64.9342,56.6604,0,0.1386,0.1662,20.9635,8.3507,18.1337,45.3125,66.0661,57.3782,SCx,,,,,0,0,0.317340385,0,0.138600139,0.166225916,0,0,0,2449.6343,906SLCFGC,
906UNTLPE,,32.93861,-117.252962,,,32.93860522,-117.2529501,9,SC,SCx,6,85,Xeric,Xeric,,0,0,0,6.9479,6.4516,6.4516,28.536,33.6406,33.6406,3.7708,4.614,4.614,0,0,0,0,0,0,,76,122,0.4594,0.128,100,0,0,100,0,24477.8008,2079,,,,,,,,,0.39,46,2.26,1.2693,0.4911,31.0688,0.8852,0.0815,0.0311,0.4152,0,283.5,362.4,240,34,6,-1,1.711,0.223,10.512,32,96.93,317,500,790.6,1159,1171,,0,,0,0,0,6.6998,6.2212,6.2212,28.7841,33.871,33.871,0,0,0,6.6998,6.2212,6.2212,28.7841,33.871,33.871,SCx,,,,,0,0,0,0,0,0,0,0,0,0,NA,
906UNTSC1,,32.90229,-117.16088,,,32.902956,-117.16125,9,SC,SCx,6,85,Xeric,Xeric,,0,0,0,5.4374,7.234,7.234,77.4232,82.4823,82.4823,10.8019,11.5071,11.5071,3,8,8,0,0,0,,40,135,0.6614,0.1219,99.99999999,0,0,99.99999999,0,26524.0996,2262.1001,,,,,,,,,1.27,95,1.4381,0.9476,0.0975,18.1793,1.6386,0.0848,0.0311,0.4191,0,317,468.8667,272.5,37,7,21,1.552,0.235,1.867,31.99,74,247,400,578.175,918.5,1159,,20331302,,0,0,0,4.9645,6.5957,6.5957,77.896,83.1206,83.1206,0,0,0,4.9645,6.5957,6.5957,77.896,83.1206,83.1206,SCx,,,,,0,0,0,0,0,0,0,0,0,2165.9625,NA,
906UNTSC2,,32.90252413,-117.1626001,,,32.902544,-117.162607,9,SC,SCx,6,85,Xeric,Xeric,,0,0.3238,0.3238,5.6022,6.9988,6.9988,75.6303,85.5044,85.5044,11.043,12.1191,12.1191,3,8,8,0,0,0,,60,166,0.6829,0.1223,100,0,0,100,0,26524.0996,2262.1001,,,,,,,,,3.61,106,1.432,0.9463,0.0965,19.4121,1.6024,0.085,0.0311,0.4194,0,322.0909,467.0667,273.6,37.4167,7,21.7692,1.552,0.235,1.867,32,87.9,250,407.8,590.7,918.5,1159,,20331302,,0,0.797,0.797,5.2288,6.3512,6.3512,76.0037,86.1519,86.1519,0,0.3238,0.3238,5.2288,6.1768,6.1768,76.0037,87.0486,87.0486,SCx,,,,,0,0,0,0,0.323785803,0.323785803,0,0,0,2145.7167,NA,
906UNTTC4,,32.79877,-117.17144,,,32.79877,-117.171319,9,SC,SCx,6,85,Xeric,Xeric,,0.4399,0.326,0.326,20.0147,13.6004,13.6004,72.3607,81.3694,81.3694,11.0584,14.5803,14.5803,6,6,6,0,0,0,,64,136,0.8314,0.1248,100,0,0,100,0,25343,2171.5,,,,,,,,,1.93,72,1.5112,0.9624,0.1094,3.4233,2.0715,0.088,0.0312,0.422,0,309.2,487.9333,263,35.1667,6,-1,1.5519,0.2354,1.9558,32,58.9,238.85,400,574,918.5,1159,,20331474,,0.4399,0.326,0.326,19.6481,13.1812,13.1812,72.7273,81.7885,81.7885,0.4399,0.326,0.326,19.5015,13.088,13.088,72.8739,81.8817,81.8817,SCx,,,,,1.026392962,0.65207266,0.65207266,0.439882698,0.32603633,0.32603633,0,0,0,2699.5714,NA,
906UNTTC6,,32.81806,-117.1922,,,32.81806,-117.1922,9,SC,SCx,6,85,Xeric,Xeric,,0,0,0,9.6031,9.4458,9.4458,88.2202,88.4131,88.4131,12.2326,12.0233,12.0233,0,0,0,0,0,0,,29,116,0.8454,0.1252,100,0,0,100,0,25442,2161.2,,,,,,,,,0.71,87,1.5171,0.9636,0.1104,2.2265,2.1066,0.0865,0.0312,0.4203,0,314.5,493.7667,263,35,6,-1,1.5503,0.235,1.867,32,58.9,231.5,400,574,918.5,1159,,0,,0,0,0,7.9385,7.8086,7.8086,89.8848,90.0504,90.0504,0,0,0,7.8105,7.6826,7.6826,90.0128,90.1763,90.1763,SCx,,,,,0,0,0,0,0,0,0,0,0,2456.325,NA,
906UNTTC7,,32.83027,-117.1851,,,32.83027,-117.1851,9,SC,SCx,6,85,Xeric,Xeric,,0,0,0,5.7878,3.9068,3.9068,94.2122,95.8678,95.8678,14.2582,16.1521,16.1521,0,0,0,0,0,0,,35,132,0.8454,0.1252,100,0,0,100,0,26804.8008,2242,,,,,,,,,1.2,97,1.5171,0.9636,0.1104,2.2265,2.1066,0.0864,0.0312,0.4204,0,314,529,267,36,6,-1,1.5476,0.235,1.867,32,62,230,394,574,918.5,1159,,0,,0,0,0,5.7878,3.8317,3.8317,94.2122,95.9429,95.9429,0,0,0,5.7878,3.6063,3.6063,94.2122,96.1683,96.1683,SCx,,,,,0,0,0,0,0,0,0,0,0,2271.85,NA,
906UNTTC8,,32.8301,-117.19737,,,32.8301,-117.19737,9,SC,SCx,6,85,Xeric,Xeric,,0,0,0,9.3407,9.3407,9.3407,83.5165,83.5165,83.5165,14.1701,14.1701,14.1701,0,0,0,0,0,0,,20,120,0.8454,0.1252,100,0,0,100,0,25442,2161.2,,,,,,,,,0.16,100,1.5171,0.9636,0.1104,2.2265,2.1066,0.0858,0.0312,0.4197,0,314,493.767,261,35,6,-1,1.5512,0.235,1.867,32,61.85,231.5,400,574,918.5,1159,,0,,0,0,0,8.2418,8.2418,8.2418,84.6154,84.6154,84.6154,0,0,0,8.2418,8.2418,8.2418,84.6154,84.6154,84.6154,SCx,,,,,0,0,0,0,0,0,0,0,0,2325.3,NA,
906UPCAKS,,32.95357,-117.015461,,,32.95353252,-117.0154498,9,SC,SCx,6,85,Xeric,Xeric,,3.2967,0.2979,0.2365,8.3028,6.5766,5.4444,26.0684,5.9531,4.8793,4.9948,2.5215,2.1168,7,20,21,11,0,0,,650,815,0.0136,0.1564,0,100,0,0,0,30243.8008,2542.8,,,,,,,,,20.55,165,3.8696,2.376,0.0407,145.1726,-1.372,0.0885,0.0311,0.424,1.24,438.4255,643.5238,314.64,40.2698,7,35.6935,1.5755,0.2761,3.8977,75,200,350.3,407.8,441,594.6,1159,,20331142,,3.2967,0.2979,0.2365,8.1197,6.56,5.4312,26.2515,5.9697,4.8925,3.2967,0.2979,0.2365,9.0354,6.6428,5.4969,26.862,6.0248,4.9363,SCx,,,,,0,0,0,3.235653236,0.292413793,0.232140511,0.061050061,0.005517241,0.00438001,2924.2376,NA,
907DPFMUS,,32.8353,-117.06421,,,32.8353,-117.063998,9,SC,SCx,6,85,Xeric,Xeric,,0,0,0,0.2813,0.1854,0.1854,0,0,0,0,0,0,0,0,0,0,0,0,,226,368,0.0082,0.1676,100,0,0,100,0,28477,2403,,,,,,,,,0.97,142,4.7187,2.2653,0.0279,140.3552,-3.0516,0.0895,0.0312,0.4242,1,354.75,522.1334,309,38,7,0.5,1.5637,0.2891,3.883,76.98,200,382,430,574,1159,1171,,20331436,,0,0,0,0.2813,0.1854,0.1854,0,0,0,0,0,0,0.2813,0.1854,0.1854,0,0,0,SCx,,,,,0,0,0,0,0,0,0,0,0,3159.075,NA,
907NP9OSU,,32.855102,-117.0519037,,,32.8551,-117.051893,9,SC,SCx,6,85,Xeric,Xeric,,0,0,0,1.3398,0.7977,0.7977,0,0.6349,0.6349,0,0,0,0,0,0,0,0,0,,161,318,0.0063,0.11,100,0,0,100,0,29069.0996,2536.3999,,,,,,,,,5.53,157,1.055,0.87,0.035,95.5802,-0.6322,0.0888,0.0311,0.4236,1,371.8333,520.5944,313.375,37.5,7,14.5,1.537,0.224,5.903,52.8514,117.4,253.25,400,528,1159,1171,,20331400,,0,0,0,1.3398,0.7977,0.7977,0,0.6349,0.6349,0,0,0,1.3398,0.7977,0.7977,0,0.6349,0.6349,SCx,,,,,0,0,0,0,0,0,0,0,0,2728.9852,907NP9OSU,
907SDT163,,32.75704,-117.159177,,,32.75703523,-117.1591651,9,SC,SCx,6,85,Xeric,Xeric,,0,0,0,6.9428,5.1444,5.1444,84.5311,88.5379,88.5379,19.8668,21.0188,21.0188,0,0,0,0,0,0,,78,107,0.7012,0.126,100.0000001,0,0,100.0000001,0,23413,2118,,,,,,,,,1,29,1.4915,1.0582,0.1034,14.0131,1.6214,0.0897,0.0313,0.4237,0,301.5,478.7667,265,35,6,-1,1.5414,0.2819,1.9345,32,62,247,404,716.6,979.4,1171,,0,,0,0,0,6.9428,5.1444,5.1444,84.7747,88.7184,88.7184,0,0,0,6.821,5.0542,5.0542,85.0183,88.8989,88.8989,SCx,,,,,0.730816078,0.541516245,0.541516245,0,0,0,0,0,0,2509.475,NA,
907SDTJHN,,32.75716,-117.1586233,,,32.75715523,-117.1586114,9,SC,SCx,6,85,Xeric,Xeric,,0,0,0,8.4746,7.7381,7.7381,68.7093,71.4286,71.4286,17.3028,17.9185,17.9185,0,0,0,0,0,0,,76,109,0.6897,0.1224,100.0000001,0,0,100.0000001,0,23413,2118,,,,,,,,,0.76,33,1.4376,0.9475,0.0974,18.2873,1.6354,0.0897,0.0313,0.4237,0,304,493.5,268,35,6,-1,1.5376,0.235,6.1895,36.95,64.85,247,397,574,979.4,1159,,0,,0,0,0,8.4746,7.7381,7.7381,68.7093,71.4286,71.4286,0,0,0,8.4746,7.7381,7.7381,68.7093,71.4286,71.4286,SCx,,,,,1.303780965,1.19047619,1.19047619,0,0,0,0,0,0,2750.65,NA,
907SRSD1x,,33.10878,-116.65758,,,33.108901,-116.657903,9,SC,SCm,8,8,Mountain,Mountain,,0,0,0,0,0,0,0,0,0,0,0,0,0,0,0,0,0,0,,222,1267,0.0073,0.1372,0,0,0,100,0,49484.5,2286.8999,,,,,,,,,1.43,1045,3.3571,2.2246,0.0361,154.3994,-1.1125,0.0971,0.031,0.4346,7,707,2516.3333,317,48.5,8,110.75,1.5191,0.2189,5.447,30.958,62.893,196,257,373.4,528,594.6,,20329758,,0,0,0,0,0,0,0,0,0,0,0,0,0,0,0,0,0,0,SCm,,,,,0.176522507,0.125707102,0.125707102,0,0,0,0,0,0,3479.0833,907SRSD1x,
907UNAACR,,32.78342,-117.0855218,,,32.78177829,-117.0854087,9,SC,SCx,6,85,Xeric,Xeric,,0,0.309,0.2629,17.7778,10.9578,9.5139,56.1616,74.118,80.4054,8.4183,11.578,12.7747,2,28,40,62.7,0.000279572,0,,437,471,0.0085,0.1161,88.8480153,6.711535178,0,88.8480153,4.440449517,25933.6992,2313.5,,,,,,,,,30.81,34,1.5423,1.1009,0.0561,99.9528,-0.7791,0.0921,0.0313,0.4269,0.5882,343.3857,518.7177,295.3529,37.7789,7,-0.73,1.5388,0.2274,5.6099,52.99,161,266.425,407.8,574,1159,1171,,20331494,,0,0.3018,0.2571,16.8687,10.5123,9.14,57.0707,74.6282,80.8115,0,0.3018,0.2571,16.8687,10.4261,8.9648,57.0707,74.7216,80.9897,SCx,,,,,0,0,0,0,0.301789179,0.25705439,0,0,0,2478.7352,NA,
907UNTFC1,,32.78696,-116.91555,,,32.78696,-116.91555,9,SC,SCx,6,85,Xeric,Xeric,,0,0,0,52.2414,47.0438,47.0438,39.3103,39.9592,39.9592,5.4513,5.7556,5.7556,0,0,0,0,0,0,,125,299,0.0046,0.1621,0,100,0,0,0,28309.5996,2575.5,,,,,,,,,1.77,174,4.6226,2.0943,0.0216,140.6432,-3.4191,0.096,0.0313,0.4316,1,365,502,315,40.6,7,29.3333,1.5899,0.237,4.8386,76.98,171.7,336,407.8,461,1159,1171,,0,,0,0,0,52.069,46.738,46.738,39.4828,40.265,40.265,0,0,0,51.8966,48.6239,48.6239,39.6552,41.896,41.896,SCx,,,,,0,0,0,0,0,0,0,0,0,3186.2,NA,
907UNTPCD,,32.85318,-116.9758347,,,32.85338841,-116.9763561,9,SC,SCx,6,85,Xeric,Xeric,,0,0.0655,0.0655,2.449,4.5328,4.5328,94.898,45.0663,45.0663,13.0266,6.5975,6.5975,13,31,31,0,0,1,,257,367,0.4024,0.1345,0,100,0,0,0,27792,2557.7,,,,,,,,,5.5,110,2.4814,1.3296,0.0651,67.964,-0.3204,0.0913,0.0312,0.4266,0.8333,354.1429,500.2056,311.6667,37,7,21.125,1.633,0.2492,4.591,61.91,161,316.15,407.8,574,979.4,1171,,20332928,,0,0.0655,0.0655,2.449,4.5983,4.5983,94.898,45.3936,45.3936,0,0.0655,0.0655,2.449,4.5492,4.5492,95,45.459,45.459,SCx,,,,,0,0,0,0,0.065455736,0.065455736,0,0,0,3022.2111,NA,
907UTSVC1,,33.00816,-116.8209496,,,33.00819214,-116.8208832,9,SC,SCx,6,85,Xeric,Xeric,,0,0.3859,0.3859,25.4438,13.8264,13.8264,42.1302,16.9346,16.9346,5.6166,4.0536,4.0536,1,2,2,0,0,0,,268,687,0.0053,0.1409,0,100,0,0,0,33534.3984,2564.3999,,,,,,,,,4.2,419,3.16,1.5924,0.0271,122.1691,-2.2765,0.0926,0.031,0.4292,1.5,457.4,1028.46,334.8333,41.8667,7,55.0625,1.6384,0.2515,4.0403,58.94,139.95,261.7,382,441,574,836.9,,20330012,,0,0.3859,0.3859,25.3254,13.8907,13.8907,42.2485,17.3205,17.3205,0,0.3859,0.3859,25.3254,13.8907,13.8907,42.2485,17.3419,17.3419,SCx,,,,,0,0,0,0,0.38585209,0.38585209,0,0,0,3175.5572,NA,
907UTSVC2,,33.01324,-116.81161,,,33.013291,-116.811665,9,SC,SCx,6,85,Xeric,Xeric,,0,0,0,35.3604,19.8198,19.8198,47.0721,27.6822,27.6822,6.3218,4.5136,4.5136,3,6,6,0,0,0,,263,702,0.0046,0.1613,0,100,0,0,0,35289.8008,2549.1001,,,,,,,,,1.1,439,4.5958,2.0851,0.0217,140.3044,-3.3981,0.093,0.031,0.4296,2,485,924.1667,336,42,7,57.5,1.6002,0.2403,4.5182,75,163.8,319.3,404,441,574,837.716,,20329994,,0,0,0,35.3604,19.8198,19.8198,47.0721,27.6822,27.6822,0,0,0,35.3604,19.8198,19.8198,47.0721,27.6822,27.6822,SCx,,,,,0,0,0,0,0,0,0,0,0,2968.58,NA,
907UTSVC3,,33.02433,-116.79949,,,33.0243231,-116.7995001,9,SC,SCx,6,85,Xeric,Xeric,,0,0,0,10.5691,9.989,9.989,11.0337,10.4281,10.4281,2.1765,2.0662,2.0662,5,5,5,0,0,0,,214,714,0.0046,0.1621,0,100.0000001,0,0,0,36971.3008,2505.8,,,,,,,,,0.82,500,4.6226,2.0943,0.0216,140.6432,-3.4191,0.0935,0.031,0.4301,2,492,1054.53,333,41.6667,7,62,1.592,0.237,5.159,75,163.8,311.7,400,441,574,919.109,,20329992,,0,0,0,10.453,9.8793,9.8793,11.1498,10.5379,10.5379,0,0,0,10.453,9.8793,9.8793,11.1498,10.5379,10.5379,SCx,,,,,0,0,0,0,0,0,0,0,0,2681.2667,NA,
908CCAEA1,,32.73736,-117.08675,,,32.737333,-117.086712,9,SC,SCx,6,85,Xeric,Xeric,,0,0.0686,0.1019,7.3935,5.8924,6.1079,91.1028,91.8993,90.7872,15.3364,13.8747,14.0328,1,3,3,20.1,0,0,,185,250,0.0193,0.1377,100,0,0,100,0,25045.0996,2281.3999,,,,,,,,,11.48,65,2.15,1.5546,0.047,103.0971,-0.7189,0.0924,0.0313,0.427,0.9412,328.5,503.2692,281,36.8571,7,-1,1.4124,0.2485,2.3391,51.4059,121.77,248,394,532.25,979.4,1159,,20331542,,0,0.0686,0.1019,7.1429,5.5721,5.7472,91.3534,92.5057,92.5592,0,0.0686,0.1019,7.0175,5.4462,5.6296,91.4787,92.6316,92.7317,SCx,,,,,0,0.057208238,0.039203387,0,0.068649886,0.101928807,0,0,0,2281.3222,NA,
908CHI805,,32.719039,-117.107244,,,32.718965,-117.107225,9,SC,SCx,6,85,Xeric,Xeric,,0,0.0248,0.0837,10.9281,11.688,8.2138,86.6766,82.909,87.4616,14.9507,12.3051,13.3765,5,12,12,8.1,0.000226311,0,,222,250,0.0273,0.1342,99.99999999,0,0,99.99999999,0,21846.0996,2109.7,,,,,,,,,16.13,28,1.9341,1.5576,0.0538,93.8088,-0.7325,0.0924,0.0313,0.4269,0.7083,320.2432,491.7088,276.625,36.56,6.94,-1,1.4038,0.2503,1.7427,50.96,88,247.75,400,574,979.4,1159,,20331542,,0,0.0248,0.0837,10.6287,11.4644,7.9237,86.976,83.145,88.7618,0,0.0248,0.0837,10.6287,11.3775,7.84,86.976,83.2319,88.8845,SCx,,,,,0,0.062104086,0.027900229,0,0.024841635,0.083700686,0,0,0,2311.423,908CHI805,
908LCCAWM,,32.73386,-117.16562,,,32.73386,-117.16562,9,SC,SCx,6,85,Xeric,Xeric,,0.369,0.369,0.369,14.3911,14.3911,14.3911,74.5387,74.5387,74.5387,14.0986,14.0986,14.0986,0,0,0,0,0,0,,38,90,0.821,0.1256,100,0,0,100,0,23413,2118,,,,,,,,,0.24,52,1.5171,0.9636,0.1104,2.2265,2.1066,0.0899,0.0313,0.4238,0,290,478.767,258,34,6,-1,1.538,0.313,1.957,32,62,247,406.15,716.6,979.4,1171,,0,,0.369,0.369,0.369,14.3911,14.3911,14.3911,74.5387,74.5387,74.5387,0.369,0.369,0.369,14.3911,14.3911,14.3911,74.5387,74.5387,74.5387,SCx,,,,,0,0,0,0.36900369,0.36900369,0.36900369,0,0,0,2511.8501,NA,
908NFCDDR,,32.72142,-117.11772,,,32.72142,-117.117529,9,SC,SCx,6,85,Xeric,Xeric,,0,0,0,17.3367,12.5307,12.5307,78.392,82.801,82.801,14.7976,17.6143,17.6143,2,21,21,0,0,0,,69,99,0.0713,0.1358,100,0,0,100,0,21846.0996,2109.7,,,,,,,,,1.46,30,1.4907,1.779,0.0828,61.9909,-0.793,0.0911,0.0313,0.4253,0,289.6667,463.9667,263,35,6,-1,1.4098,0.2511,1.109,32,71.65,247,400,730.45,979.4,1171,,20331534,,0,0,0,16.8342,12.3464,12.3464,78.8945,82.9853,82.9853,0,0,0,16.8342,12.3464,12.3464,78.8945,82.9853,82.9853,SCx,,,,,0,0,0,0,0,0,0,0,0,2419.7,NA,
908PVCDST,,32.69424,-117.05959,,,32.694102,-117.059573,9,SC,SCx,6,85,Xeric,Xeric,,0,0,0,44.9438,24.656,24.656,33.1461,66.7431,66.7431,5.7511,8.2708,8.2708,2,3,3,0,0,0,,78,148,0.0583,0.1336,98.00107862,0,0,98.00107862,1.998921377,25118,2310.2,,,,,,,,,0.78,70,1.4663,1.7327,0.08,64.1688,-0.7992,0.0945,0.0314,0.4293,0,312.5,430.5333,270,36,7,-1,1.382,0.255,0.351,32,74,247,400,782,979.4,1171,,20331572,,0,0,0,43.8202,24.3119,24.3119,34.2697,67.0872,67.0872,0,0,0,43.8202,24.3119,24.3119,34.2697,67.0872,67.0872,SCx,,,,,0,0,0,0,0,0,0,0,0,2367.05,NA,
908PVCUPP,,32.69823,-117.0392093,,,32.69834135,-117.039215,9,SC,SCx,6,85,Xeric,Xeric,,0,0,0,7.7449,7.7449,7.7449,85.877,85.877,85.877,10.8332,10.8245,10.8245,1,1,1,0,0,0,,37,148,0.0626,0.1354,96.07206576,0,0,96.07206576,3.927934243,25118,2310.2,,,,,,,,,0.4,111,1.4905,1.7835,0.0827,62.3211,-0.809,0.0947,0.0314,0.4294,0,312.5,430.5333,270,36,7,-1,1.382,0.255,0.351,32,87.85,247.75,404.25,782,979.4,1171,,20331572,,0,0,0,7.7449,7.7449,7.7449,85.877,85.877,85.877,0,0,0,7.7449,7.7449,7.7449,85.877,85.877,85.877,SCx,,,,,0,0,0,0,0,0,0,0,0,2367.05,NA,
908SFCCAB,,32.71505,-117.04691,,,32.715028,-117.046884,9,SC,SCx,6,85,Xeric,Xeric,,0,0,0,19.0789,5.4475,5.4475,76.1513,93.6719,93.6719,12.9613,14.0582,14.0582,0,0,0,0,0,0,,76,161,0.0063,0.11,69.75754232,0,0,69.75754232,30.2424577,25118,2310.2,,,,,,,,,4.39,85,1.055,0.87,0.035,95.5802,-0.6322,0.0938,0.0313,0.4285,0.5,322.4,490.7,276.5,36,7,-0.8667,1.382,0.255,0.351,31.99,71.7285,247,400,574,979.4,1159.12,,20331548,,0,0,0,18.9145,5.4065,5.4065,76.3158,93.7129,93.7129,0,0,0,18.9145,5.386,5.386,76.3158,93.7334,93.7334,SCx,,,,,0,0,0,0,0,0,0,0,0,2593.1667,NA,
908SSCBD1,,32.69361,-117.080187,,,32.69355277,-117.0801862,9,SC,SCx,6,85,Xeric,Xeric,,0,0,0,14.1869,10.9632,10.9632,81.3149,85.4246,85.4246,10.2308,10.6917,10.6917,4,12,12,0,0,0,,79,130,0.1427,0.1297,100,0,0,100,0,22803.3008,2202.5,,,,,,,,,1.42,51,1.4012,1.506,0.0754,63.1718,-0.4717,0.0937,0.0314,0.4282,0,297.3333,418.8333,271,36.6,7,-1,1.404,0.2631,0.351,32,77.8,248,400,782,979.4,1171,,20331568,,0,0,0,14.1869,10.5196,10.5196,81.3149,85.8682,85.8682,0,0,0,14.1869,10.5196,10.5196,81.3149,85.8682,85.8682,SCx,,,,,0,0,0,0,0,0,0,0,0,2472.4571,NA,
908UNTCC1,,32.73616,-117.09134,,,32.736046,-117.091209,9,SC,SCx,6,85,Xeric,Xeric,,0,0.0563,0.0563,8.8636,4.3878,4.3878,91.1364,94.4497,94.4497,14.8644,19.2962,19.2962,2,2,2,0,0,0,,83,148,0.3173,0.128,100.0000001,0,0,100.0000001,0,25045.0996,2281.3999,,,,,,,,,4.8,65,1.4243,1.3547,0.0836,48.1521,0.1868,0.0913,0.0313,0.4257,0.4,310.5,493.2444,269.2,35.8,6.7333,-1,1.4913,0.2427,1.6396,42.9946,74,230,382,539.5,918.5,1159,,20331540,,0,0.0563,0.0563,8.6364,4.219,4.219,91.3636,94.6184,94.6184,0,0.0563,0.0563,8.6364,4.144,4.144,91.3636,94.6934,94.6934,SCx,,,,,0,0,0,0,0.056253516,0.056253516,0,0,0,2017.6208,NA,
908UNTCC2,,32.73658,-117.10692,,,32.736451,-117.106853,9,SC,SCx,6,85,Xeric,Xeric,,0,0.1013,0.1013,4.7686,3.8501,3.8501,94.1094,94.7315,94.7315,21.4488,21.4088,21.4088,0,0,0,0,0,0,,45,112,0.4294,0.131,100.0000006,0,0,100.0000006,0,24868.3008,2201.3999,,,,,,,,,0.89,67,1.503,1.3998,0.0956,34.2034,0.5552,0.0916,0.0313,0.4259,0,296,506.2667,264,35,6,-1,1.427,0.2484,1.488,32,53,247,400,574,918.5,1159,,20331526,,0,0.1013,0.1013,4.7686,3.8501,3.8501,94.1094,94.7315,94.7315,0,0.1013,0.1013,4.7686,3.8501,3.8501,94.1094,94.7315,94.7315,SCx,,,,,0,0,0,0,0.101317123,0.101317123,0,0,0,1994.9749,NA,
908UTSFC1,,32.71025,-117.05128,,,32.710185,-117.051313,9,SC,SCx,6,85,Xeric,Xeric,,0,0,0,10.4738,7.8942,7.8942,85.5362,89.4812,89.4812,10.4701,12.0082,12.0082,3,7,7,0,0,0,,75,149,0.0087,0.111,76.19399686,0,0,76.19399686,23.80600317,25118,2310.2,,,,,,,,,4.39,74,1.0703,0.902,0.0367,94.4143,-0.6384,0.0943,0.0314,0.429,0,315.1111,430.5333,271,36,7,-0.4615,1.382,0.255,0.351,31,53,235.55,400,674.15,1159,1171,,20331552,,0,0,0,10.2244,7.7712,7.7712,85.7855,89.6043,89.6043,0,0,0,10.2244,7.7712,7.7712,85.7855,89.6043,89.6043,SCx,,,,,0,0,0,0,0,0,0,0,0,2658.8278,NA,
908UTSFC2,,32.710381,-117.040369,,,32.70981226,-117.0402304,9,SC,SCx,6,85,Xeric,Xeric,,0,0,0,8.3276,7.2445,7.2445,88.9195,90.3076,90.3076,12.2106,12.5251,12.5251,3,3,3,0,0,0,,56,144,0.0101,0.1117,61.59374017,0,0,61.59374017,38.40625983,25118,2310.2,,,,,,,,,2.72,88,1.0797,0.9218,0.0377,93.6939,-0.6422,0.0945,0.0314,0.4292,0,316,430.5333,271.3333,36,7,-0.25,1.382,0.255,0.351,31,57,247,400,716.6,1159,1171,,20331552,,0,0,0,8.19,7.1783,7.1783,89.0571,90.3738,90.3738,0,0,0,8.19,7.1783,7.1783,89.0571,90.3738,90.3738,SCx,,,,,0,0,0,0,0,0,0,0,0,2577.7273,NA,
909UNTSWR,,32.74036,-117.00729,,,32.740289,-117.008528,9,SC,SCx,6,85,Xeric,Xeric,,0.9309,0.7511,0.7511,12.8989,12.6609,12.6609,81.6489,82.9399,82.9399,12.4633,13.1999,13.1999,7,7,7,47.1,0,0,,77,183,0.0142,0.1366,0,0,0,0,100,27065,2453.8999,,,,,,,,,0.84,106,2.244,1.5431,0.0433,107.7145,-0.7108,0.0938,0.0313,0.4287,1,337,485.4,285,36,7,0,1.382,0.255,0.351,50.96,117.4,256.5,400,574,979.4,1159,,20331946,,0.9309,0.7511,0.7511,12.8989,12.4464,12.4464,81.6489,83.1545,83.1545,0.9309,0.7511,0.7511,12.8989,12.4464,12.4464,81.6489,83.1545,83.1545,SCx,,,,,0,0,0,0.930851064,0.751072961,0.751072961,0,0,0,2615.525,NA,
910DENNRY,,32.58741,-117.019337,,,32.58741476,-117.0193668,9,SC,SCx,6,85,Xeric,Xeric,,0,0.0456,0.0456,19.8276,11.577,11.577,12.069,9.7539,9.7539,2.1664,2.386,2.386,0,0,0,0,0,0,,126,175,0.7372,0.1267,0,0,0,0,100,22125.6992,2265.2,,,,,,,,,1.97,49,1.5135,1.0744,0.1067,10.354,1.7123,0.0994,0.0316,0.4344,0,306.2,389.9333,257.5,37,7,-0.1667,1.5381,0.3114,1.957,32,56.8,230,400,716.6,979.4,1171,,20331722,,0,0.0456,0.0456,21.3362,11.8961,11.8961,20.2586,16.1805,16.1805,0,0.0456,0.0456,21.3362,12.8988,12.8988,20.2586,25.7065,25.7065,SCx,,,,,0,0,0,0,0,0,0,0.045578851,0.045578851,2827.26,NA,
910DPUSCT,,32.64363,-116.79575,,,32.643636,-116.795748,9,SC,SCx,6,85,Xeric,Xeric,,0,0,0,0,0,0,0,0,0,0.9731,0.9254,0.9254,0,0,0,0,0,0,,173,468,0.0354,0.2092,0,0,0,0,100,32966.3984,2568.6001,,,,,,,,,1.05,295,5.2781,3.2606,0.0644,138.6779,-0.9115,0.1052,0.0317,0.4419,2,418.3333,844.3333,338,41.4,7,53,1.565,0.297,3.883,163.204,200,350.3,407.8,460.9,782,1159,,20333582,,0,0,0,0,0,0,0,0,0,0,0,0,0,0,0,0,0,0,SCx,,,,,0.107526882,0.085324232,0.085324232,0,0,0,0,0,0,3393.4667,NA,
910UNTMAB,,32.60379,-117.04687,,,32.603709,-117.046781,9,SC,SCx,6,85,Xeric,Xeric,,0,0,0,5.1661,5.1661,5.1661,92.6199,92.6199,92.6199,12.0554,12.0553,12.0553,0,0,0,0,0,0,,34,88,0.8193,0.1256,100,0,0,100,0,20746.8008,2214.1001,,,,,,,,,0.24,54,1.5162,0.9918,0.1095,4.2987,2.0061,0.0971,0.0315,0.4318,0,273,372.367,257,37,7,-1,1.4403,0.279,1.957,32,62,236.8,400,716.6,979.4,1171,,20331652,,0,0,0,5.1661,5.1661,5.1661,92.6199,92.6199,92.6199,0,0,0,5.1661,5.1661,5.1661,92.6199,92.6199,92.6199,SCx,,,,,0,0,0,0,0,0,0,0,0,2352.7,NA,
911DPCMCC,,32.81353,-116.49064,,,32.813564,-116.49064,9,SC,SCx,6,8,Xeric,Mountain,,0,0,0,0,2.592,2.592,0,0,0,0,0,0,0,0,0,0,0,0,,577,1789,0.0068,0.1535,0,100,0,0,0,55090.8984,2066.5,,,,,,,,,3.47,1212,4.1953,2.1672,0.0267,143.5847,-2.6362,0.1129,0.0318,0.4514,6,733.6667,3368.3,288.6667,53.9091,9,126,1.5661,0.187,8.6871,26.8,62.443,163.5,257,380,528,594.6,,20325039,,0,0,0,0,2.592,2.592,0,0,0,0,0,0,0,2.592,2.592,0,0,0,SCx,,,,,28.12089356,51.24416796,51.24416796,0,0,0,0,0,0,3088.6563,NA,
911DPNMCC,,32.88699,-116.48931,,,32.886905,-116.48914,9,SC,SCx,6,8,Xeric,Mountain,,0,0,0,2.6101,4.0789,4.0789,0,0,0,0.503,0.9139,0.9139,0,0,0,0,0,0,,123,1649,0.03,0.1327,0,100,0,0,0,53969.5,2029.6,,,,,,,,,0.68,1526,3.1767,2.8583,0.0425,120.073,-0.6998,0.1098,0.0316,0.4479,5,807.6667,3476.7166,289,50,8,119,1.5181,0.2086,4.299,26.8,58.6815,163.5,248.25,319.3,462.7,594.654,,20326329,,0,0,0,2.6101,4.0789,4.0789,0,0,0,0,0,0,2.6101,4.0789,4.0789,0,0,0,SCx,,,,,21.53344209,18.28947368,18.28947368,0,0,0,0,0,0,3426.9333,NA,
911DPUCC5,,32.77132,-116.48683,,,32.77132,-116.48683,9,SC,SCx,6,85,Xeric,Xeric,,0,0,0,0,1.3953,1.3953,0,0,0,0,0,0,0,0,0,0,0,0,,440,1489,0.0134,0.14,0,100,0,0,0,50301.6992,2152.3,,,,,,,,,1.55,1049,3.4989,2.3939,0.0357,142.0096,-1.3458,0.1136,0.0319,0.4522,5,573,3160.3,306.5,49,8,124,1.4871,0.224,4.299,37,75,200,320,407.8,528,600.6,,0,,0,0,0,0,1.3953,1.3953,0,0,0,0,0,0,0,1.3953,1.3953,0,0,0,SCx,,,,,0,0.290697674,0.290697674,0,0,0,0,0,0,2436.9333,NA,
911DPULCC,,32.61116,-116.68002,,,32.611328,-116.680009,9,SC,SCx,6,85,Xeric,Xeric,,0,0,0,5.3839,2.8926,2.8926,0.1765,0.4408,0.4408,0,0.0022,0.0022,0,0,0,0,0,0,,438,788,0.0046,0.1623,0,100,0,0,0,34087.6016,2537.5,,,,,,,,,3.27,350,4.6478,2.1159,0.0218,141.1319,-3.397,0.1109,0.032,0.4487,3,450.1111,1322.4,335.5,41,7,83,1.5921,0.237,5.159,74.9157,163.785,316,402,461,574,836.9,,20325495,,0,0,0,5.3839,2.8926,2.8926,0.1765,0.4408,0.4408,0,0,0,5.3839,2.8926,2.8926,0.1765,0.4408,0.4408,SCx,,,,,0,0,0,0,0,0,0,0,0,2557.9154,NA,
911DPUPV2,,32.89698,-116.52151,,,32.896893,-116.521415,9,SC,SCx,6,8,Xeric,Mountain,,0,0,0,0,2.0426,2.0426,0,0,0,0,0.3606,0.3606,0,0,0,0,0,0,,212,1571,0.0071,0.1393,0,100,0,0,0,59199.1016,2008,,,,,,,,,1.06,1359,3.4856,2.2113,0.0346,153.0023,-1.3467,0.1076,0.0315,0.4454,6,812,3499.8701,290,51.5,8.5,116.5,1.5103,0.2136,6.0055,26.8,40.7,171.7,247,315.6,461,574.206,,20324961,,0,0,0,0,2.0426,2.0426,0,0,0,0,0,0,0,2.0426,2.0426,0,0,0,SCx,,,,,0,0,0,0,0,0,0,0,0,3214.175,NA,
911GSCAPV,,32.89759,-116.52806,,,32.89759,-116.527714,9,SC,SCx,6,8,Xeric,Mountain,,0,0,0,3.0858,3.7013,3.7013,0.0964,0.0325,0.0325,0.4893,1.2916,1.2916,0,0,0,0,0,0,,281,1577,0.0054,0.1548,0,99.99999991,0,0,0,59199.1016,2008,,,,,,,,,2.77,1296,4.2748,2.1301,0.0256,144.4241,-2.7851,0.1075,0.0315,0.4452,6.5,816,3499.8667,289,51.6667,8.6667,116.75,1.5868,0.18,11.125,26.8,44,163,249.25,336,461.67,594.6,,20324963,,0,0,0,3.0858,3.7013,3.7013,0.0964,0.0325,0.0325,0,0,0,3.0858,3.7013,3.7013,0.0964,0.0325,0.0325,SCx,,,,,1.253616201,1.396103896,1.396103896,0,0,0,0,0,0,3306.5154,911M25305,
911NP9ATC,,32.76824,-116.41757,,,32.768217,-116.417605,9,SC,SCx,6,8,Xeric,Mountain,,0,0,0,0.5171,4.6944,4.9184,0,0.078,0.1004,0,0.586,0.6434,0,0,0,0,0,0,,608,1782,0.0049,0.1591,0,100,0,0,0,41893.3008,2227.8,,,,,,,,,7.17,1174,4.4804,2.109,0.0232,142.189,-3.1599,0.1169,0.032,0.4561,5,681.3333,3847.3096,298.1111,47.7727,8,129.3333,1.584,0.1795,11.125,41.96,77,171.7,320,418.6,528,574,,20326337,,0,0,0,0.5171,4.6944,4.9184,0,0.078,0.1004,0,0,0,0.5171,4.6944,4.9184,0,0.078,0.1004,SCx,,,,,5.37745605,28.73862159,28.82057716,0,0,0,0,0,0,2907.8823,911NP9ATC,
911S00858,,32.902824,-116.493371,,,32.902828,-116.493371,9,SC,SCx,6,8,Xeric,Mountain,,0,0.0907,0.0907,8.4041,5.7816,5.7816,0.0849,0.7655,0.7655,1.3272,1.1978,1.1978,0,4,4,0,0,0,,283,1778,0.0141,0.1421,0,100,0,0,0,58204.8984,2009.8,,,,,,,,,8.94,1495,3.6191,2.3988,0.0345,139.686,-1.5625,0.1101,0.0316,0.4481,4,790,3749.2888,293.6364,48.0357,7.9286,118.2,1.5002,0.2172,5.0791,26.8,65.847,177,258,320.75,475.43,574.206,,20326313,,0,0.0907,0.0907,8.4041,5.7816,5.7816,0.0849,0.7655,0.7655,0,0.0907,0.0907,8.4041,5.7816,5.7816,0.0849,0.7655,0.7655,SCx,,,,,0.339558574,3.082191781,3.082191781,0,0,0,0,0.090652699,0.090652699,3350.57,911S00858,
911S01142,,32.735477,-116.652682,,,32.735474,-116.652684,9,SC,SCx,6,85,Xeric,Xeric,,0,0,0.0058,0,3.9418,5.1304,0,0.1065,1.1595,0,0.0568,0.8169,0,0,41,0,0,0,,1334,1908,0.0082,0.1592,0,100,0,0,0,37537.5,2467.3,,,,,,,,,203.23,574,4.6375,2.4916,0.0287,146.4312,-2.521,0.1093,0.0317,0.4472,5.037,680.705,2982.924,307.9383,48.8154,8.1348,109.024,1.5539,0.1971,7.962,41.96,77,219,320,407.8,574,574,,20325195,,0,0,0.0058,0,3.9418,5.1304,0,0.1065,1.1639,0,0,0.0058,0,3.9418,5.1299,0,0.1065,1.1657,SCx,,,,,0,3.365688131,18.5608879,0,0,0,0,0,0.005757511,2998.2053,911S01142,
911TJPC2x,,32.853119,-116.522737,,,32.85305535,-116.5225696,9,SC,SCx,6,8,Xeric,Mountain,,0,0,0.0109,8.6228,3.3768,5.2968,0.4963,0.0818,0.7858,0.8207,0.6292,1.0494,1,6,13,0,0,5,,785,1908,0.0115,0.1483,0,100,0,0,0,49704.6992,2188.7,,,,,,,,,74.1,1123,3.9823,2.4164,0.0322,142.6218,-1.9179,0.1105,0.0317,0.4486,5.427,813.1737,3684.9838,291.4944,51.5474,8.625,119.6943,1.5281,0.205,7.0076,25.9931,44,171.7,258,320.5,496.7,594.6,,20325007,,0,0,0.0109,8.6228,3.3768,5.2968,0.4963,0.0818,0.7858,0,0,0.0109,8.6228,3.3768,5.2968,0.4963,0.0818,0.7858,SCx,,,,,1.11662531,21.45878506,28.26084316,0,0,0,0,0,0.010931218,3295.8457,911TJPC2x,
